{
  "project_info": {
    "project_number": "411810203488",
    "project_id": "trabalhosma-af38d",
    "storage_bucket": "trabalhosma-af38d.appspot.com"
  },
  "client": [
    {
      "client_info": {
        "mobilesdk_app_id": "1:411810203488:android:2f3a97c75a74e5b512c005",
        "android_client_info": {
          "package_name": "com.example.projetosma"
        }
      },
      "oauth_client": [],
      "api_key": [
        {
          "current_key": "AIzaSyDC_vjNxFZvJtO6EuYaiQcqePxAnfH-i2Q"
        }
      ],
      "services": {
        "appinvite_service": {
          "other_platform_oauth_client": []
        }
      }
    }
  ],
  "configuration_version": "1"
}